{"cameraMode":{"drawMode":0,"name":"Shaded","section":"Shading Mode"},"sceneLighting":true,"audioPlay":false,"sceneViewState":{"m_AlwaysRefresh":false,"showFog":true,"showSkybox":true,"showFlares":true,"showImageEffects":true,"showParticleSystems":true,"showVisualEffectGraphs":true,"m_FxEnabled":true},"in2DMode":false,"pivot":{"x":0.1826707273721695,"y":1.530598759651184,"z":2.6338911056518556},"rotation":{"x":0.007529823109507561,"y":0.9903435111045837,"z":-0.059799160808324817,"w":0.12456229329109192},"size":1.1257100105285645,"orthographic":false}